id,slug,course_name,exam_focus,variant,summary,who_should_take,format,class_size,entry_requirements,outcome_or_commitment,teacher_highlights,key_benefits,price_summary,timeline_summary,schedule_summary,faq_summary,source_url,tags,chat_context,crawled_at
chuong-trinh-amp,chuong-trinh-amp,Săn học bổng AMP,AMP,mentoring,Chương trình AMP là chương trình huấn luyện 1 kèm 1 thiết kế dựa vào thế mạnh và tính cách của từng học viên giúp các em có lựa chọn tốt nhất.,"Dành cho học viên bậc trung học phổ thông tại các trường Công lập, Quốc tế và du học sinh đang có kế hoạch ứng tuyển và săn học bổng vào các trường đại học top đầu. Điều kiện đầu vào (nếu học sinh chưa đạt có thể học song song các khóa học để tối đa điểm số và hoàn thiện hồ sơ đúng hạn): IELTS 6.5+ hoặc TOEFL 79+ SAT…",1 kèm 1 | mentoring hồ sơ,,IELTS 6.5+ | TOEFL 79+ | SAT 1300+ | ACT 27+,"Cam kết 100% học viên trúng tuyển và đậu visa Đại học Top Mỹ, Úc, Canada. ► $80,000 USD là giá trị học bổng trung bình học viên ETEST đạt được. ► $1,455,952 USD là tổng giá trị học bổng cao nhất học viên ETEST đạt được.","[""Giáo viên viết luận chuyên sâu kinh nghiệm đã săn học bổng thành công tại các trường Đai học hàng đầu như MIT, Cornell, Caltech, NUS,…"",""Giáo viên hướng dẫn đến từ Ivy League"",""ĐỘI NGŨ GIÁO VIÊN HƯỚNG DẪN GIÀU KINH NGHIỆM""]","[""Đánh giá và định hướng học tập gồm điểm trung bình GPA, IELTS/ TOEFL, SAT / ACT và các bài thi hay cuộc thi chuẩn hóa quốc tế""]",,12 tháng,,[],https://etest.edu.vn/khoa-hoc/chuong-trinh-amp/,"[""AMP"",""mentoring"",""study_abroad"",""scholarship""]","Săn học bổng AMP: Chương trình AMP là chương trình huấn luyện 1 kèm 1 thiết kế dựa vào thế mạnh và tính cách của từng học viên giúp các em có lựa chọn tốt nhất. Phù hợp với Dành cho học viên bậc trung học phổ thông tại các trường Công lập, Quốc tế và du học sinh đang có kế hoạch ứng tuyển và săn học bổng vào các trường đại học top đầu. Điều kiện đầu vào (nếu học sinh chưa đạt có thể học song song các khóa học để tối đa điểm số và hoàn thiện hồ sơ đúng hạn): IELTS 6.5+ hoặc TOEFL 79+ SAT…. Hình thức học: 1 kèm 1 | mentoring hồ sơ. Điều kiện/đầu vào gợi ý: IELTS 6.5+ | TOEFL 79+ | SAT 1300+ | ACT 27+. Kết quả/cam kết: Cam kết 100% học viên trúng tuyển và đậu visa Đại học Top Mỹ, Úc, Canada. ► $80,000 USD là giá trị học bổng trung bình học viên ETEST đạt được. ► $1,455,952 USD là tổng giá trị học bổng cao nhất học viên ETEST đạt được.. Điểm nổi bật: Đánh giá và định hướng học tập gồm điểm trung bình GPA, IELTS/ TOEFL, SAT / ACT và các bài thi hay cuộc thi chuẩn hóa quốc tế. Thời lượng/thời gian: 12 tháng.",2026-03-20T21:31:31.254Z
luyen-thi-ielts,luyen-thi-ielts,LUYỆN THI IELTS,IELTS,standard,"Đăng ký ngay các khóa học IELTS, luyện thi IELTS tại Anh Ngữ Du Học ETEST. Học cùng các Giám khảo IELTS. Cam kết nâng đến 1.5 band điểm sau mỗi lớp!","Khóa học IELTS phù hợp dành cho học viên từ 15 tuổi là học sinh, sinh viên, người đi làm đang có kế hoạch luyện thi IELTS, nâng cao kỹ năng tiếng Anh, đáp ứng điều kiện xét tuyển đầu vào – tốt nghiệp hoặc du học, định cư.",lớp nhỏ,6 học viên,từ 15 tuổi,Mỗi học viên tham gia khóa học luyện thi IELTS tại ETEST sẽ được thiết kế lộ trình học cá nhân hóa theo từng cấp độ. ETEST cam kết tăng từ 0.5+ điểm IELTS sau mỗi khóa học. IELTS 7.0 là điểm trung bình của học viên ETEST. IELTS 8.5 là điểm cao nhất của học viên ETEST.,"[""Đội ngũ giáo viên tốt nghiệp các trường Đại học hàng đầu thế giới với kinh nghiệm nhiều năm giảng dạy IELTS và là giám khảo kỳ thi IELTS."",""Mô hình lớp học nhỏ giúp tăng tối đa tương tác đa chiều giữa giáo viên và học viên"",""Giáo viên là giám khảo IELTS"",""ĐỘI NGŨ GIÁO VIÊN IELTS ETEST GIÀU KINH NGHIỆM""]","[""Khóa học IELTS là chương trình đào tạo được thiết kế nhằm giúp học viên nâng cao trình độ tiếng Anh để đạt điểm cao trong kỳ thi IELTS"",""Kỳ thi IELTS (International English Language Testing System) là hệ thống kiểm tra năng lực tiếng Anh quốc tế được công nhận rộng rãi trên thế giới, sử dụng cho mục đích học tập, làm việc và định cư"",""IELTS bao gồm 4 phần thi tương ứng với 4 kỹ năng Nghe – Nói – Đọc – Viết trong thời gian khoảng 3 giờ với điểm số tối đa 9.0"",""Điểm IELTS 6.5 trở lên giúp bạn thỏa điều kiện đầu vào từ các trường Đại học giảng dạy bằng tiếng Anh.""]",Anh Ngữ Du Học ETEST có nhiều chương trình ưu đãi như: Giảm 10 – 15% học phí khi đăng ký nhóm hoặc đăng ký sớm. Tặng tài liệu luyện thi & thi thử miễn phí cho học viên. Học bổng IELTS 7.0+ cho học viên xuất sắc. Chính s…,"Thời gian để luyện thi IELTS phụ thuộc vào trình độ hiện tại của bạn, Band điểm mục tiêu, thời lượng ôn luyện và lộ trình học",LỊCH HỌC LỚP LUYỆN THI IELTS THEO NHÓM THỨ THỜI GIAN TRUNG TÂM NGÀY TRONG TUẦN Thứ hai -> Thứ sáu (Chọn 2 ngày/tuần) 17:30 – 19:30 18:00 – 20:00 79 – 81 – 83 Hoàng Văn Thái Trung tâm luyện thi IELTS Quận 7 Thứ hai -> Thứ sáu (Chọn 2 ngày/tuần) 17:30 – 19:30 1…,"[{""question"":""2 tháng có đủ để học luyện thi IELTS?"",""answer"":""Thời gian học luyện thi IELTS phụ thuộc vào trình độ, sự nỗ lực và cách học của bạn. Có bạn chỉ mất 2 – 4 tháng để thi dù chưa biết IELTS.""},{""question"":""Có nên tham gia khóa học luyện thi IELTS?"",""answer"":""Dưới đây là một số lợi ích và nhược điểm của việc đăng ký khóa học luyện thi IELTS mà bạn có thể tham khảo: Lợi ích: Bạn sẽ được hướng dẫn bởi các giáo viên có kinh nghiệm và chuyên môn về IELTS, giúp bạn nắm vững kiến…""},{""question"":""Mất bao lâu để chuẩn bị cho kỳ thi IELTS ?"",""answer"":""Thời gian để luyện thi IELTS phụ thuộc vào trình độ hiện tại của bạn, Band điểm mục tiêu, thời lượng ôn luyện và lộ trình học""}]",https://etest.edu.vn/khoa-hoc/luyen-thi-ielts/,"[""IELTS"",""standard"",""small_class"",""study_abroad""]","LUYỆN THI IELTS: Đăng ký ngay các khóa học IELTS, luyện thi IELTS tại Anh Ngữ Du Học ETEST. Học cùng các Giám khảo IELTS. Cam kết nâng đến 1.5 band điểm sau mỗi lớp! Phù hợp với Khóa học IELTS phù hợp dành cho học viên từ 15 tuổi là học sinh, sinh viên, người đi làm đang có kế hoạch luyện thi IELTS, nâng cao kỹ năng tiếng Anh, đáp ứng điều kiện xét tuyển đầu vào – tốt nghiệp hoặc du học, định cư.. Hình thức học: lớp nhỏ, 6 học viên. Điều kiện/đầu vào gợi ý: từ 15 tuổi. Kết quả/cam kết: Mỗi học viên tham gia khóa học luyện thi IELTS tại ETEST sẽ được thiết kế lộ trình học cá nhân hóa theo từng cấp độ. ETEST cam kết tăng từ 0.5+ điểm IELTS sau mỗi khóa học. IELTS 7.0 là điểm trung bình của học viên ETEST. IELTS 8.5 là điểm cao nhất của học viên ETEST.. Điểm nổi bật: Khóa học IELTS là chương trình đào tạo được thiết kế nhằm giúp học viên nâng cao trình độ tiếng Anh để đạt điểm cao trong kỳ thi IELTS; Kỳ thi IELTS (International English Language Testing System) là hệ thống kiểm tra năng lực tiếng Anh quốc tế được công nhận rộng rãi trên thế giới, sử dụng cho mục đích học tập, làm việc và định cư; IELTS bao gồm 4 phần thi tương ứng với 4 kỹ năng Nghe – Nói – Đọc – Viết trong thời gian khoảng 3 giờ với điểm số tối đa 9.0; Điểm IELTS 6.5 trở lên giúp bạn thỏa điều kiện đầu vào từ các trường Đại học giảng dạy bằng tiếng Anh.. Thời lượng/thời gian: Thời gian để luyện thi IELTS phụ thuộ…",2026-03-20T21:31:31.254Z
luyen-thi-ssat,luyen-thi-ssat,LUYỆN THI SSAT,SSAT,standard,"SSAT là kỳ thi đầu vào Tiểu Học và Trung Học tại hơn 1200 trường tư thục trên thế giới, trong đó chủ yếu là tại Hoa Kỳ và Canada. Xem ngay khóa học luyện thi SSAT tại ETEST.","SECONDARY SCHOOL ADMISSION TEST | Imagine what you can do while still in high school | SSAT là kỳ thi đầu vào Tiểu Học và Trung Học tại hơn 1200 trường tư thục trên thế giới, trong đó chủ yếu là tại Hoa Kỳ và Canada | SSAT là một trong những bước quan trọng để hoàn thành đơn xin nhập học vào một số trường cấp 2, cấp 3…",lớp nhóm,,lớp 5-7 | lớp 8-11,"SSAT là kỳ thi đầu vào Tiểu Học và Trung Học tại hơn 1200 trường tư thục trên thế giới, trong đó chủ yếu là tại Hoa Kỳ và Canada. Mục tiêu của kỳ thi SSAT nhằm đánh giá khả năng ngôn ngữ, phân tích và đọc hiểu của học sinh. Đây là các kỹ năng rất cần thiết khi du học Trung Học.",[],[],,,LỊCH HỌC LỚP THEO NHÓM THỨ THỜI GIAN GHI CHÚ NGÀY TRONG TUẦN Thứ hai -> Thứ sáu (Chọn 2 ngày/tuần) 17:30 – 20:30 18:00 – 21:00 3 giờ/ngày NGÀY CUỐI TUẦN Thứ bảy & Chủ nhật 8:00 – 11:00 9:00 – 12:00 14:00 – 17:00 16:00 – 19:00 3 giờ/ngày LỊCH HỌC LỚP KÈM ĐẶC B…,[],https://etest.edu.vn/khoa-hoc/luyen-thi-ssat/,"[""SSAT"",""standard""]","LUYỆN THI SSAT: SSAT là kỳ thi đầu vào Tiểu Học và Trung Học tại hơn 1200 trường tư thục trên thế giới, trong đó chủ yếu là tại Hoa Kỳ và Canada. Xem ngay khóa học luyện thi SSAT tại ETEST. Phù hợp với SECONDARY SCHOOL ADMISSION TEST | Imagine what you can do while still in high school | SSAT là kỳ thi đầu vào Tiểu Học và Trung Học tại hơn 1200 trường tư thục trên thế giới, trong đó chủ yếu là tại Hoa Kỳ và Canada | SSAT là một trong những bước quan trọng để hoàn thành đơn xin nhập học vào một số trường cấp 2, cấp 3…. Hình thức học: lớp nhóm. Điều kiện/đầu vào gợi ý: lớp 5-7 | lớp 8-11. Kết quả/cam kết: SSAT là kỳ thi đầu vào Tiểu Học và Trung Học tại hơn 1200 trường tư thục trên thế giới, trong đó chủ yếu là tại Hoa Kỳ và Canada. Mục tiêu của kỳ thi SSAT nhằm đánh giá khả năng ngôn ngữ, phân tích và đọc hiểu của học sinh. Đây là các kỹ năng rất cần thiết khi du học Trung Học..",2026-03-20T21:31:31.254Z
luyen-thi-isee,luyen-thi-isee,LUYỆN THI ISEE,ISEE,standard,ISEE (Independent School Entrance Examination) là một kỳ thi tuyển sinh vào cấp 3 PTTH tư thục Mỹ. Tham khảo khóa luyện thi ISEE.,"Independent School Entrance Exam | Unleashing Minds, Transforming Lives | ISEE là bài thi chuẩn hóa đầu vào tại nhiều trường Trung Học hàng đầu tại Hoa Kỳ | ISEE được đánh giá là công cụ tân tiến nhất hiện nay cho việc tuyển sinh của các trường",lớp nhóm,,,ISEE là bài thi chuẩn hóa đầu vào tại nhiều trường Trung Học hàng đầu tại Hoa Kỳ. Học viên có thể lựa chọn thi trên giấy hoặc trên máy tính. ISEE được đánh giá là công cụ tân tiến nhất hiện nay cho việc tuyển sinh của các trường.,[],[],,,LỊCH HỌC LỚP THEO NHÓM THỨ THỜI GIAN GHI CHÚ NGÀY TRONG TUẦN Thứ hai -> Thứ sáu (Chọn 2 ngày/tuần) 17:30 – 20:30 18:00 – 21:00 3 giờ/ngày NGÀY CUỐI TUẦN Thứ bảy & Chủ nhật 8:00 – 11:00 9:00 – 12:00 14:00 – 17:00 16:00 – 19:00 3 giờ/ngày LỊCH HỌC LỚP KÈM ĐẶC B…,[],https://etest.edu.vn/khoa-hoc/luyen-thi-isee/,"[""ISEE"",""standard""]","LUYỆN THI ISEE: ISEE (Independent School Entrance Examination) là một kỳ thi tuyển sinh vào cấp 3 PTTH tư thục Mỹ. Tham khảo khóa luyện thi ISEE. Phù hợp với Independent School Entrance Exam | Unleashing Minds, Transforming Lives | ISEE là bài thi chuẩn hóa đầu vào tại nhiều trường Trung Học hàng đầu tại Hoa Kỳ | ISEE được đánh giá là công cụ tân tiến nhất hiện nay cho việc tuyển sinh của các trường. Hình thức học: lớp nhóm. Kết quả/cam kết: ISEE là bài thi chuẩn hóa đầu vào tại nhiều trường Trung Học hàng đầu tại Hoa Kỳ. Học viên có thể lựa chọn thi trên giấy hoặc trên máy tính. ISEE được đánh giá là công cụ tân tiến nhất hiện nay cho việc tuyển sinh của các trường..",2026-03-20T21:31:31.254Z
luyen-thi-toefl,luyen-thi-toefl,LUYỆN THI TOEFL,TOEFL,standard,"Khóa học luyện thi TOEFL tại ETEST cung cấp lộ trình luyện tập tổng thể, kỹ năng, chiến thuật làm bài thi TOEFL. Xem ngay","Phù hợp dành cho học viên từ 15 tuổi là học sinh, sinh viên, người đi làm đang có kế hoạch nâng cao kỹ năng tiếng Anh, đáp ứng điều kiện xét tuyển đầu vào – tốt nghiệp hoặc du học.",lớp nhóm,,từ 15 tuổi,"Luyện thi TOEFL tại ETEST, mỗi học viên được thiết kế lộ trình học cá nhân hóa theo từng cấp độ. ETEST cam kết tăng đến 10+ điểm TOEFL sau mỗi khóa học. ► TOEFL 90 là điểm trung bình của học viên ETEST. ► TOEFL 117 là điểm cao nhất của học viên ETEST.","[""Đội ngũ giáo viên tốt nghiệp các trường Đại học hàng đầu thế giới sở hữu chứng chỉ giảng dạy tiếng Anh CELTA, TESOL, TEFL…"",""Mô hình lớp học nhỏ giúp tăng tối đa tương tác đa chiều giữa giáo viên và học viên"",""Giáo viên kinh nghiệm truyền cảm hứng học thuật"",""ĐỘI NGŨ GIÁO VIÊN TOEFL GIÀU KINH NGHIỆM""]","[""Đánh giá toàn diện 4 kỹ năng Anh ngữ học thuật"",""Đảm bảo đạt điều kiện đầu vào về tiếng Anh của các trường trung học, đại học quốc tế Phù hợp với những thí sinh đang mong muốn ứng tuyển vào các trường trung học, đại học tại Mỹ vì dễ dàng chuyển bảng điểm trên các hệ thống nộp hồ sơ"",""Được tuyển thẳng vào các trường Đại học Việt Nam như Đại học Ngoại thương, Đại học Kinh tế Tp.HCM, Đại học Tài chính – Marketing, Đại học RMIT Vietnam…""]",,,LỊCH HỌC LỚP THEO NHÓM THỨ THỜI GIAN GHI CHÚ NGÀY TRONG TUẦN Thứ hai -> Thứ sáu (Chọn 2 ngày/tuần) 17:30 – 19:30 18:00 – 20:00 2 giờ/ngày NGÀY CUỐI TUẦN Thứ bảy & Chủ nhật 8:00 – 10:00 10:00 – 12:00 14:00 – 16:00 16:30 – 18:30 2 giờ/ngày LỊCH HỌC LỚP CẤP TỐC…,"[{""question"":""Câu 1: Người mới bắt đầu nên bắt đầu học TOEFL như thế nào?"",""answer"":""Trau dồi vốn từ vựng: Điều cần thiết để trau dồi từ vựng là bạn phải thu nạp từ mới mỗi ngày. Nếu đã đi làm, bạn nên học theo kiểu “flashcard”, gắn các từ vựng mới theo chủ đề tại bàn làm việc, mang theo note lúc ăn trư…""},{""question"":""Câu 2: Nên tự học hay theo học các khoá học TOEFL tại trung tâm?"",""answer"":""Bạn hoàn toàn có thể tự học nếu bạn biết tự tạo động lực cho bản thân cũng như có các phương pháp học hiệu quả. Tuy nhiên, nếu bạn là người dễ bỏ cuộc và hay trì hoãn, ETEST không khuyến khích bạn tự học ở nhà, thay vào…""}]",https://etest.edu.vn/khoa-hoc/luyen-thi-toefl/,"[""TOEFL"",""standard"",""study_abroad""]","LUYỆN THI TOEFL: Khóa học luyện thi TOEFL tại ETEST cung cấp lộ trình luyện tập tổng thể, kỹ năng, chiến thuật làm bài thi TOEFL. Xem ngay Phù hợp với Phù hợp dành cho học viên từ 15 tuổi là học sinh, sinh viên, người đi làm đang có kế hoạch nâng cao kỹ năng tiếng Anh, đáp ứng điều kiện xét tuyển đầu vào – tốt nghiệp hoặc du học.. Hình thức học: lớp nhóm. Điều kiện/đầu vào gợi ý: từ 15 tuổi. Kết quả/cam kết: Luyện thi TOEFL tại ETEST, mỗi học viên được thiết kế lộ trình học cá nhân hóa theo từng cấp độ. ETEST cam kết tăng đến 10+ điểm TOEFL sau mỗi khóa học. ► TOEFL 90 là điểm trung bình của học viên ETEST. ► TOEFL 117 là điểm cao nhất của học viên ETEST.. Điểm nổi bật: Đánh giá toàn diện 4 kỹ năng Anh ngữ học thuật; Đảm bảo đạt điều kiện đầu vào về tiếng Anh của các trường trung học, đại học quốc tế Phù hợp với những thí sinh đang mong muốn ứng tuyển vào các trường trung học, đại học tại Mỹ vì dễ dàng chuyển bảng điểm trên các hệ thống nộp hồ sơ; Được tuyển thẳng vào các trường Đại học Việt Nam như Đại học Ngoại thương, Đại học Kinh tế Tp.HCM, Đại học Tài chính – Marketing, Đại học RMIT Vietnam….",2026-03-20T21:31:31.254Z
luyen-thi-sat,luyen-thi-sat,LUYỆN THI SAT,SAT,standard,Khóa học luyện thi Digital SAT tại trung tâm Anh Ngữ Du Học ETEST giáo viên SAT 1600 kinh nghiệm tại TPHCM. Lớp chỉ 6 HV. Phụ đạo 1:1. Nền tảng digital mới nhất. Thi thử DIGITAL SAT miễn phí.,"Học sinh lớp 10, 11 các trường THPT công lập, ngoài công lập và quốc tế có nền tảng tiếng Anh tốt, từ IELTS 6.0 hay TOEFL 80 đang có kế hoạch du học và săn học bổng.",lớp nhỏ,6 học viên,IELTS 6.0 | TOEFL 80 | lớp 10,"Luyện thi SAT tại ETEST, mỗi học viên được thiết kế lộ trình học cá nhân hóa theo từng cấp độ. ETEST cam kết tăng đến 200+ điểm SAT sau mỗi khóa học. SAT 1420 là điểm trung bình của học viên ETEST. SAT 1600 là điểm cao nhất của học viên ETEST.","[""Đội ngũ giáo viên SAT là cựu học sinh trường chuyên và tốt nghiệp các trường Đại học hàng đầu thế giới với kỹ năng học thuật vượt trội."",""Mô hình lớp học nhỏ giúp tăng tối đa tương tác đa chiều giữa giáo viên và học viên"",""Giáo viên là kỉ lục gia SAT 1600/1600"",""ĐỘI NGŨ GIÁO VIÊN DẠY SAT GIÀU KINH NGHIỆM""]","[""Đánh giá năng lực tư duy và kỹ năng Anh ngữ học thuật nâng cao Đảm bảo đạt điều kiện đầu vào và học bổng của các trường Đại học Hoa Kỳ""]","Khóa học luyện thi SAT tại Anh Ngữ Du Học ETEST có mức học phí từ 25- 26.8 triệu/ khóa/ 72 giờ. Theo đánh giá của nhiều học viên, học phí luyện thi SAT là phù hợp với kế quả đạt được sau khóa học.",,LỊCH HỌC LỚP LUYỆN THI SAT THEO NHÓM THỨ THỜI GIAN TRUNG TÂM NGÀY TRONG TUẦN Thứ hai -> Thứ sáu (Chọn 2 ngày/tuần) 17:30 – 19:30 18:00 – 20:00 79 – 81 – 83 Hoàng Văn Thái Trung tâm luyện thi SAT Quận 7 Thứ hai -> Thứ sáu (Chọn 2 ngày/tuần) 17:30 – 19:30 18:00…,"[{""question"":""Học phí học SAT bao nhiêu?"",""answer"":""Khóa học luyện thi SAT tại Anh Ngữ Du Học ETEST có mức học phí từ 25- 26.8 triệu/ khóa/ 72 giờ. Theo đánh giá của nhiều học viên, học phí luyện thi SAT là phù hợp với kế quả đạt được sau khóa học.""},{""question"":""Cần chuẩn bị gì trước khi tham gia khóa học luyện thi SAT?"",""answer"":""Trước khi tham gia khóa học luyện thi SAT tại Anh Ngữ Du Học ETEST, học viên nên: Xác định mục tiêu điểm số SAT: Xác định điểm số SAT mong muốn để có động lực học tập và theo dõi tiến độ học tập hiệu quả. Làm quen với c…""},{""question"":""Thi Digital SAT bao lâu có kết quả?"",""answer"":""Theo College Board, đơn vị tổ chức kỳ thi Digital SAT, kết quả bài thi Digital SAT sẽ có từ 2 tuần sau ngày thi. Trong một số trường hợp, thí sinh có thể có kết quả sớm hơn.""}]",https://etest.edu.vn/khoa-hoc/luyen-thi-sat/,"[""SAT"",""standard"",""small_class"",""study_abroad"",""scholarship"",""high_school""]","LUYỆN THI SAT: Khóa học luyện thi Digital SAT tại trung tâm Anh Ngữ Du Học ETEST giáo viên SAT 1600 kinh nghiệm tại TPHCM. Lớp chỉ 6 HV. Phụ đạo 1:1. Nền tảng digital mới nhất. Thi thử DIGITAL SAT miễn phí. Phù hợp với Học sinh lớp 10, 11 các trường THPT công lập, ngoài công lập và quốc tế có nền tảng tiếng Anh tốt, từ IELTS 6.0 hay TOEFL 80 đang có kế hoạch du học và săn học bổng.. Hình thức học: lớp nhỏ, 6 học viên. Điều kiện/đầu vào gợi ý: IELTS 6.0 | TOEFL 80 | lớp 10. Kết quả/cam kết: Luyện thi SAT tại ETEST, mỗi học viên được thiết kế lộ trình học cá nhân hóa theo từng cấp độ. ETEST cam kết tăng đến 200+ điểm SAT sau mỗi khóa học. SAT 1420 là điểm trung bình của học viên ETEST. SAT 1600 là điểm cao nhất của học viên ETEST.. Điểm nổi bật: Đánh giá năng lực tư duy và kỹ năng Anh ngữ học thuật nâng cao Đảm bảo đạt điều kiện đầu vào và học bổng của các trường Đại học Hoa Kỳ. Học phí: Khóa học luyện thi SAT tại Anh Ngữ Du Học ETEST có mức học phí từ 25- 26.8 triệu/ khóa/ 72 giờ. Theo đánh giá của nhiều học viên, học phí luyện thi SAT là phù hợp với kế quả đạt được sau khóa học..",2026-03-20T21:31:31.254Z
luyen-thi-act,luyen-thi-act,LUYỆN THI ACT,ACT,standard,Trung tâm luyện thi ACT Oline tại Anh Ngữ Du Học ETEST cung cấp cho học viên một lộ trình luyện tập khép kín từ cơ bản cho đến nâng cao để tham dự kỳ thi quốc tế với kết quả cao nhất,"ANH NGỮ DU HỌC ETEST – trung tâm luyện thi ACT hàng đầu tại TP.HCM | The ACT helps you go Farther than you ever Dreamed! | ACT là bài thi chuẩn hóa bắt buộc ở các trường Đại học trên nước Mỹ | Điểm ACT là căn cứ quan trọng để xét học bổng và đánh giá khả năng suy luận, phân tích, giải quyết vấn đề của bạn",lớp nhóm,,,"Định hướng học tập khoa học hiệu quả. Củng cố kiến thức nền tảng và phát huy tối đa khả năng tư duy. Huấn luyện kỹ năng, chuẩn bị tâm lý và chiến thuật làm bài thi. Phát triển kỹ năng đọc hiểu, viết luận học thuật và các khả năng: lý luận, diễn đạt, phân tích và tổng hợp. Cơ hội được thực nghiệm thường xuyên các đề th…",[],[],,,LỊCH HỌC LỚP THEO NHÓM THỨ THỜI GIAN GHI CHÚ NGÀY TRONG TUẦN Thứ hai -> Thứ sáu (Chọn 2 ngày/tuần) 17:30 – 20:30 18:00 – 21:00 3 giờ/ngày NGÀY CUỐI TUẦN Thứ bảy & Chủ nhật 8:00 – 11:00 9:00 – 12:00 14:00 – 17:00 16:00 – 19:00 3 giờ/ngày LỊCH HỌC LỚP KÈM ĐẶC B…,[],https://etest.edu.vn/khoa-hoc/luyen-thi-act/,"[""ACT"",""standard"",""study_abroad"",""scholarship""]","LUYỆN THI ACT: Trung tâm luyện thi ACT Oline tại Anh Ngữ Du Học ETEST cung cấp cho học viên một lộ trình luyện tập khép kín từ cơ bản cho đến nâng cao để tham dự kỳ thi quốc tế với kết quả cao nhất Phù hợp với ANH NGỮ DU HỌC ETEST – trung tâm luyện thi ACT hàng đầu tại TP.HCM | The ACT helps you go Farther than you ever Dreamed! | ACT là bài thi chuẩn hóa bắt buộc ở các trường Đại học trên nước Mỹ | Điểm ACT là căn cứ quan trọng để xét học bổng và đánh giá khả năng suy luận, phân tích, giải quyết vấn đề của bạn. Hình thức học: lớp nhóm. Kết quả/cam kết: Định hướng học tập khoa học hiệu quả. Củng cố kiến thức nền tảng và phát huy tối đa khả năng tư duy. Huấn luyện kỹ năng, chuẩn bị tâm lý và chiến thuật làm bài thi. Phát triển kỹ năng đọc hiểu, viết luận học thuật và các khả năng: lý luận, diễn đạt, phân tích và tổng hợp. Cơ hội được thực nghiệm thường xuyên các đề th….",2026-03-20T21:31:31.254Z
luyen-thi-ib,luyen-thi-ib,LUYỆN THI IB,IB,standard,Chương trình luyện thi IB giúp học viên phát triển toàn diện chuẩn bị cho chương trình học tập bậc đại học tại các nước phát triển,"| IB được đánh giá cao, đặc biệt bởi các trường đại học trên toàn thế giới | Khi học sinh hoàn tất khóa học IB và đạt được bằng IB thì sẽ được miễn giảm tín chỉ khi học chương trình đại học",lớp nhóm,,,"Chương trình đào tạo IB giúp học viên có đủ kiến thức nền tảng, phẩm chất để chuẩn bị cho chương trình học tập bậc đại học tại các nước phát triển và trở thành một cá nhân ưu tú trong cộng đồng trí thức trẻ quốc tế. ETEST IB Program được xây dựng nhằm hoàn thiện các kỹ năng và kiến thức nền cho học sinh hiện đang học…",[],[],,,LỊCH HỌC LỚP THEO NHÓM THỨ THỜI GIAN GHI CHÚ NGÀY TRONG TUẦN Thứ hai -> Thứ sáu (Chọn 2 ngày/tuần) 17:30 – 20:30 18:00 – 21:00 3 giờ/ngày NGÀY CUỐI TUẦN Thứ bảy & Chủ nhật 8:00 – 11:00 9:00 – 12:00 14:00 – 17:00 16:00 – 19:00 3 giờ/ngày LỊCH HỌC LỚP KÈM ĐẶC B…,[],https://etest.edu.vn/khoa-hoc/luyen-thi-ib/,"[""IB"",""standard""]","LUYỆN THI IB: Chương trình luyện thi IB giúp học viên phát triển toàn diện chuẩn bị cho chương trình học tập bậc đại học tại các nước phát triển Phù hợp với | IB được đánh giá cao, đặc biệt bởi các trường đại học trên toàn thế giới | Khi học sinh hoàn tất khóa học IB và đạt được bằng IB thì sẽ được miễn giảm tín chỉ khi học chương trình đại học. Hình thức học: lớp nhóm. Kết quả/cam kết: Chương trình đào tạo IB giúp học viên có đủ kiến thức nền tảng, phẩm chất để chuẩn bị cho chương trình học tập bậc đại học tại các nước phát triển và trở thành một cá nhân ưu tú trong cộng đồng trí thức trẻ quốc tế. ETEST IB Program được xây dựng nhằm hoàn thiện các kỹ năng và kiến thức nền cho học sinh hiện đang học….",2026-03-20T21:31:31.254Z
luyen-thi-ged,luyen-thi-ged,LUYỆN THI GED,GED,standard,GED là điều kiện đầu vào ở tất cả các trường Cao đẳng cộng đồng và Trường nghề tại Mỹ. Tham khảo Khóa học luyện thi KET để củng cố kiến thức,General Education Development | Your Future is calling | GED là bài thi tương đương bằng Tú Tài duy nhất được công nhận tại 50 bang của Hoa Kỳ | Kỳ thi được tổ chức đều đặn mỗi tháng và đã có hơn 18 triệu người đã vượt qua kỳ thi GED,lớp nhóm,,,"Chương trình linh hoạt, được chia thành nhiều cấp lớp từ Foundation đến Advanced, phù hợp với nhiều trình độ khác nhau. Học viên kết thúc khóa học TOEFL tăng trung bình từ 10 – 20 điểm. TOEFL 100 là kết quả điểm thi thật trung bình của học viên.",[],[],,,LỊCH HỌC LỚP THEO NHÓM THỨ THỜI GIAN GHI CHÚ NGÀY TRONG TUẦN Thứ hai -> Thứ sáu (Chọn 2 ngày/tuần) 17:30 – 20:30 18:00 – 21:00 3 giờ/ngày NGÀY CUỐI TUẦN Thứ bảy & Chủ nhật 8:00 – 11:00 9:00 – 12:00 14:00 – 17:00 16:00 – 19:00 3 giờ/ngày LỊCH HỌC LỚP KÈM ĐẶC B…,[],https://etest.edu.vn/khoa-hoc/luyen-thi-ged/,"[""GED"",""standard""]","LUYỆN THI GED: GED là điều kiện đầu vào ở tất cả các trường Cao đẳng cộng đồng và Trường nghề tại Mỹ. Tham khảo Khóa học luyện thi KET để củng cố kiến thức Phù hợp với General Education Development | Your Future is calling | GED là bài thi tương đương bằng Tú Tài duy nhất được công nhận tại 50 bang của Hoa Kỳ | Kỳ thi được tổ chức đều đặn mỗi tháng và đã có hơn 18 triệu người đã vượt qua kỳ thi GED. Hình thức học: lớp nhóm. Kết quả/cam kết: Chương trình linh hoạt, được chia thành nhiều cấp lớp từ Foundation đến Advanced, phù hợp với nhiều trình độ khác nhau. Học viên kết thúc khóa học TOEFL tăng trung bình từ 10 – 20 điểm. TOEFL 100 là kết quả điểm thi thật trung bình của học viên..",2026-03-20T21:31:31.254Z
luyen-thi-ielts-juniors,luyen-thi-ielts-juniors,LUYỆN THI IELTS Juniors,IELTS,juniors,"Khóa học luyện thi IELTS Junior của ETEST cung cấp lộ trình bài bản, chương trình học dựa trên tiêu chuẩn đánh giá của Cambridge",Dành cho học viên từ 9 – 14 tuổi,thiếu niên,,,Phát triển nền tảng 4 kỹ năng Anh ngữ chuyên sâu bám sát tiêu chuẩn học thuật và các kỹ năng mềm đáp ứng yêu cầu trở thành công dân toàn cầu. ► ETEST cam kết học sinh đạt IELTS 6.5+ sau khi học hết lớp 9 nếu theo đúng lộ trình.,"[""Đội ngũ giáo viên tốt nghiệp các trường Đại học hàng đầu thế giới với kinh nghiệm nhiều năm giảng dạy chương trình quốc tế và thấu hiểu tâm lý của trẻ thiếu niên"",""Mô hình lớp học nhỏ giúp tăng tối đa tương tác đa chiều giữa giáo viên và học viên"",""Giáo viên kinh nghiệm truyền cảm hứng học thuật"",""ĐỘI NGŨ GIÁO VIÊN IELTS JUNIORS GIÀU KINH NGHIỆM""]","[""Vững tiếng Anh học thuật và hình thành kỹ năng tư duy của học sinh từ bậc tiểu học"",""Kiến thức bám sát khung đánh giá năng lực tiếng Anh của Cambridge, học sinh tự tin tham gia kỳ thi KET, PET, FCE và IELTS"",""Chuyển tiếp các chương trình SSAT, PSAT và du học bậc trung học tại Mỹ, Úc, Canada, Anh, Singapore… Trang bị kỹ năng hùng biện và thuyết trình thông qua lớp The Debaters, Model UN.""]",,,LỊCH HỌC LỚP THEO NHÓM THỨ THỜI GIAN GHI CHÚ NGÀY TRONG TUẦN Thứ hai -> Thứ sáu (Chọn 2 ngày/tuần) 17:30 – 19:30 18:00 – 20:00 2 giờ/ngày NGÀY CUỐI TUẦN Thứ bảy & Chủ nhật 8:00 – 10:00 10:00 – 12:00 14:00 – 16:00 16:30 – 18:30 2 giờ/ngày LỊCH HỌC LỚP CẤP TỐC…,[],https://etest.edu.vn/khoa-hoc/luyen-thi-ielts-juniors/,"[""IELTS"",""juniors""]","LUYỆN THI IELTS Juniors: Khóa học luyện thi IELTS Junior của ETEST cung cấp lộ trình bài bản, chương trình học dựa trên tiêu chuẩn đánh giá của Cambridge Phù hợp với Dành cho học viên từ 9 – 14 tuổi. Hình thức học: thiếu niên. Kết quả/cam kết: Phát triển nền tảng 4 kỹ năng Anh ngữ chuyên sâu bám sát tiêu chuẩn học thuật và các kỹ năng mềm đáp ứng yêu cầu trở thành công dân toàn cầu. ► ETEST cam kết học sinh đạt IELTS 6.5+ sau khi học hết lớp 9 nếu theo đúng lộ trình.. Điểm nổi bật: Vững tiếng Anh học thuật và hình thành kỹ năng tư duy của học sinh từ bậc tiểu học; Kiến thức bám sát khung đánh giá năng lực tiếng Anh của Cambridge, học sinh tự tin tham gia kỳ thi KET, PET, FCE và IELTS; Chuyển tiếp các chương trình SSAT, PSAT và du học bậc trung học tại Mỹ, Úc, Canada, Anh, Singapore… Trang bị kỹ năng hùng biện và thuyết trình thông qua lớp The Debaters, Model UN..",2026-03-20T21:31:31.254Z
luyen-thi-model-un,luyen-thi-model-un,LUYỆN THI Model UN,MODEL_UN,model_un,Model UN là lớp học được xây dựng theo một mô hình buổi họp Liên hiệp quốc giả lập nhằm tăng tính kết nối và tối ưu thời gian ứng dụng ngôn ngữ.,KHẢ NĂNG NGÔN NGỮ CÓ GIÁ TRỊ THỰC TIỄN CẢ ĐỜI | Tôi luyện khả năng trình bày và lãnh đạo | Phát triển trọn bộ kỹ năng học thuật,lớp nhóm,,,"Mô hình lớp học sẽ được xây dựng theo một mô hình buổi họp Liên hợp quốc giả lập nhằm tăng tính kết nối và tối ưu thời gian ứng dụng ngôn ngữ. Dưới vai trò là đại diện một quốc gia, học viên sẽ dần hình thành khả năng lãnh đạo và tinh thần trách nhiệm với bản thân và cộng đồng.","[""Xuyên suốt khóa học, học viên được hướng dẫn chi tiết về ngôn ngữ hình thể, kỹ năng diễn đạt và điều khiển cảm xúc để làm chủ buổi thuyết trình trước công chúng bởi người dẫn đường giàu kinh nghiệm, nhiệt huyết"",""Đặc biệt, khóa học còn trang bị cho học viên phương pháp nghe chuyên sâu và ghi chép nhanh giúp học viên phản biện vấn đề nhanh và thuyết phục."",""GIÁO VIÊN""]",[],,,,[],https://etest.edu.vn/khoa-hoc/luyen-thi-model-un/,"[""MODEL_UN"",""model_un""]","LUYỆN THI Model UN: Model UN là lớp học được xây dựng theo một mô hình buổi họp Liên hiệp quốc giả lập nhằm tăng tính kết nối và tối ưu thời gian ứng dụng ngôn ngữ. Phù hợp với KHẢ NĂNG NGÔN NGỮ CÓ GIÁ TRỊ THỰC TIỄN CẢ ĐỜI | Tôi luyện khả năng trình bày và lãnh đạo | Phát triển trọn bộ kỹ năng học thuật. Hình thức học: lớp nhóm. Kết quả/cam kết: Mô hình lớp học sẽ được xây dựng theo một mô hình buổi họp Liên hợp quốc giả lập nhằm tăng tính kết nối và tối ưu thời gian ứng dụng ngôn ngữ. Dưới vai trò là đại diện một quốc gia, học viên sẽ dần hình thành khả năng lãnh đạo và tinh thần trách nhiệm với bản thân và cộng đồng..",2026-03-20T21:31:31.254Z
luyen-thi-ap,luyen-thi-ap,LUYỆN THI AP,AP,standard,Khoá học luyện thi AP tại ETEST giúp học viên có đủ kiến thức nền tảng và kỹ năng để chuẩn bị cho kỳ thi AP thường niên và chương trình học tập bậc đại học tại Mỹ,Dành cho học viên đang theo học hệ chương trình AP tại các trường trung học quốc tế hoặc thí sinh tự do mong muốn ứng tuyển và săn học bổng vào các trường Đại học hàng đầu.,lớp nhóm,,,"Chương trình luyện thi AP tại ETEST giúp học viên có đủ kiến thức nền tảng và kỹ năng học thuật để chuẩn bị cho kỳ thi AP thường niên và chương trình học tập bậc đại học tại Mỹ, Singapore…","[""Đội ngũ giáo viên tốt nghiệp các trường Đại học hàng đầu thế giới và là Tiến sĩ, Thạc sĩ kinh nghiệm nhiều năm giảng dạy chương trình quốc tế"",""Mô hình lớp học nhỏ giúp tăng tối đa tương tác đa chiều giữa giáo viên và học viên"",""Giáo viên kinh nghiệm truyền cảm hứng học thuật"",""ĐỘI NGŨ GIÁO VIÊN AP GIÀU KINH NGHIỆM""]","[""Đánh giá năng lực học tập của học sinh phổ thông thông qua các môn học nâng cao được giảng dạy ở trường trung học và đại học"",""Cơ hội cọ xát và xác định sớm được chuyên ngành sẽ theo học như kinh tế hay khoa học"",""Tiết kiệm chi phí du học Đại học khi được miễn các môn đã có điểm AP"",""Lợi thế xin học bổng và ứng tuyển vào các trường Đại học Top 20 Mỹ và các đại học hàng đầu tại Canada, Úc…""]",,,LỊCH HỌC LỚP THEO NHÓM THỨ THỜI GIAN GHI CHÚ NGÀY TRONG TUẦN Thứ hai -> Thứ sáu (Chọn 2 ngày/tuần) 17:30 – 19:30 18:00 – 20:00 2 giờ/ngày NGÀY CUỐI TUẦN Thứ bảy & Chủ nhật 8:00 – 10:00 10:00 – 12:00 14:00 – 16:00 16:30 – 18:30 2 giờ/ngày LỊCH HỌC LỚP CẤP TỐC…,[],https://etest.edu.vn/khoa-hoc/luyen-thi-ap/,"[""AP"",""standard"",""scholarship""]","LUYỆN THI AP: Khoá học luyện thi AP tại ETEST giúp học viên có đủ kiến thức nền tảng và kỹ năng để chuẩn bị cho kỳ thi AP thường niên và chương trình học tập bậc đại học tại Mỹ Phù hợp với Dành cho học viên đang theo học hệ chương trình AP tại các trường trung học quốc tế hoặc thí sinh tự do mong muốn ứng tuyển và săn học bổng vào các trường Đại học hàng đầu.. Hình thức học: lớp nhóm. Kết quả/cam kết: Chương trình luyện thi AP tại ETEST giúp học viên có đủ kiến thức nền tảng và kỹ năng học thuật để chuẩn bị cho kỳ thi AP thường niên và chương trình học tập bậc đại học tại Mỹ, Singapore…. Điểm nổi bật: Đánh giá năng lực học tập của học sinh phổ thông thông qua các môn học nâng cao được giảng dạy ở trường trung học và đại học; Cơ hội cọ xát và xác định sớm được chuyên ngành sẽ theo học như kinh tế hay khoa học; Tiết kiệm chi phí du học Đại học khi được miễn các môn đã có điểm AP; Lợi thế xin học bổng và ứng tuyển vào các trường Đại học Top 20 Mỹ và các đại học hàng đầu tại Canada, Úc….",2026-03-20T21:31:31.254Z
luyen-thi-ielts-1-kem-1,luyen-thi-ielts-1-kem-1,IELTS 1 KÈM 1,IELTS,1_kem_1,Trung tâm luyện thi IELTS 1 kèm 1 tại ETETS. Nhận lộ trình tăng từ 1.0 band điểm ngay chỉ sau 1 khóa học nhờ vào phương pháp và giáo án chuyên biệt,"Khóa học IELTS 1 kèm 1 dành cho học viên muốn đạt điểm IELTS mục tiêu một cách nhanh chóng và hiệu quả nhất. Tuy nhiên, do không sắp xếp được thời gian tham gia các nhóm lớp hay chỉ muốn tập trung vào các kỹ năng nhất định. Đó là lý do vì sao ETEST thường xuyên xây dựng lớp học IELTS 1 kèm 1 cho học viên. Đối tượng họ…",1 kèm 1,,IELTS 1,Trung tâm Anh Ngữ Du Học ETEST cam kết bằng văn bản với học viên về kết quả mục tiêu. Tăng nhanh đến 1.0 chỉ sau 1 khóa học nhờ vào phương pháp và giáo án chuyên biệt. Lựa chọn giáo viên mong muốn (theo danh sách giáo viên phù hợp với level học viên).,"[""Anh Ngữ Du Học ETEST tự hào với đội ngũ giảng viên trình độ chuyên môn cao và đã từng là giám khảo kỳ thi IELTS"",""Tất cả giáo viên đều có chứng nhận từ các chương trình giảng dạy uy tín và sở hữu cho mình những kỹ năng giúp học viên cải thiện band điểm IELTS nhanh chóng và hiệu quả nhất."",""Giáo viên là cựu giám khảo IELTS"",""ĐỘI NGŨ GIÁO VIÊN IELTS GIÀU KINH NGHIỆM""]","[""Rèn luyện kỹ năng tìm kiếm, phân tích thông tin để tránh bẫy và tiết kiệm thời gian trong bài thi""]",Chi phí khóa học IELTS 1 kèm 1 phụ thuộc vào: Trình độ giáo viên Kinh nghiệm giảng dạy Số lượng buổi học Hình thức học (online hay offline) Liên hệ ngay với Anh Ngữ Du Học ETEST để được tư vấn những chương trình học hấp…,"Thời gian học phụ thuộc vào nhiều yếu tố như: Trình độ tiếng Anh hiện tại Mục tiêu band điểm cụ thể Khả năng dành thời gian học tập Nỗ lực của học viên Thông thường, để đạt được band điểm 7.0, học viên cần từ 3-6 tháng…",,"[{""question"":""Khóa học IELTS 1 kèm 1 có gì khác so với các lớp học nhóm thông thường?"",""answer"":""Cá nhân hóa: Lộ trình dạy học IELTS 1 kèm 1 được thiết kế riêng cho từng học viên, tập trung vào điểm mạnh, điểm yếu và mục tiêu cụ thể. Linh hoạt: Giáo viên và học viên có thể điều chỉnh thời gian học, nội dung học the…""},{""question"":""Tôi muốn đạt được band điểm IELTS 7.0, vậy cần học khóa học IELTS 1 kèm 1 trong bao lâu?"",""answer"":""Thời gian học phụ thuộc vào nhiều yếu tố như: Trình độ tiếng Anh hiện tại Mục tiêu band điểm cụ thể Khả năng dành thời gian học tập Nỗ lực của học viên Thông thường, để đạt được band điểm 7.0, học viên cần từ 3-6 tháng…""},{""question"":""Học phí cho một khóa học IELTS 1 kèm 1 là bao nhiêu?"",""answer"":""Chi phí khóa học IELTS 1 kèm 1 phụ thuộc vào: Trình độ giáo viên Kinh nghiệm giảng dạy Số lượng buổi học Hình thức học (online hay offline) Liên hệ ngay với Anh Ngữ Du Học ETEST để được tư vấn những chương trình học hấp…""}]",https://etest.edu.vn/khoa-hoc/luyen-thi-ielts-1-kem-1/,"[""IELTS"",""1_kem_1""]","IELTS 1 KÈM 1: Trung tâm luyện thi IELTS 1 kèm 1 tại ETETS. Nhận lộ trình tăng từ 1.0 band điểm ngay chỉ sau 1 khóa học nhờ vào phương pháp và giáo án chuyên biệt Phù hợp với Khóa học IELTS 1 kèm 1 dành cho học viên muốn đạt điểm IELTS mục tiêu một cách nhanh chóng và hiệu quả nhất. Tuy nhiên, do không sắp xếp được thời gian tham gia các nhóm lớp hay chỉ muốn tập trung vào các kỹ năng nhất định. Đó là lý do vì sao ETEST thường xuyên xây dựng lớp học IELTS 1 kèm 1 cho học viên. Đối tượng họ…. Hình thức học: 1 kèm 1. Điều kiện/đầu vào gợi ý: IELTS 1. Kết quả/cam kết: Trung tâm Anh Ngữ Du Học ETEST cam kết bằng văn bản với học viên về kết quả mục tiêu. Tăng nhanh đến 1.0 chỉ sau 1 khóa học nhờ vào phương pháp và giáo án chuyên biệt. Lựa chọn giáo viên mong muốn (theo danh sách giáo viên phù hợp với level học viên).. Điểm nổi bật: Rèn luyện kỹ năng tìm kiếm, phân tích thông tin để tránh bẫy và tiết kiệm thời gian trong bài thi. Thời lượng/thời gian: Thời gian học phụ thuộc vào nhiều yếu tố như: Trình độ tiếng Anh hiện tại Mục tiêu band điểm cụ thể Khả năng dành thời gian học tập Nỗ lực của học viên Thông thường, để đạt được band điểm 7.0, học viên cần từ 3-6 tháng…. Học phí: Chi phí khóa học IELTS 1 kèm 1 phụ thuộc vào: Trình độ giáo viên Kinh nghiệm giảng dạy Số lượng buổi học Hình thức học (online hay offline) Liên hệ ngay với Anh Ngữ Du Học ETEST để được tư vấn những chương trì…",2026-03-20T21:31:31.254Z
luyen-thi-ielts-cap-toc,luyen-thi-ielts-cap-toc,LUYỆN THI IELTS CẤP TỐC,IELTS,cap_toc,"Khóa học luyện thi IELTS cấp tốc tại Anh Ngữ Du Học ETEST, lộ trình nâng đến 1.0 band IELTS cùng giám khảo IELTS từ 4 tuần.","Khóa học luyện thi IELTS cấp tốc diễn ra trong thời gian ngắn hơn rất nhiều so với các khóa học khác. Đó là lý do tại sao việc học cấp tốc luôn đòi hỏi ở bạn sự quyết tâm, kiên trì, chuyên tâm và tập trung cao độ. Do đó, khóa học IELTS cấp tốc chỉ phù hợp với những đối tượng sau đây: Cần gấp chứng chỉ IELTS: Bạn cần g…",cấp tốc | lớp nhỏ,6 học viên,,Tăng nhanh đến 1.0 band điểm chỉ sau 1 khóa học 6 tuần nhờ vào phương pháp phát triển tư duy chuyên sâu. Bứt tốc chiến lược tăng điểm cùng Giám khảo IELTS. Tập trung nâng cao Writing và Speaking trong thời gian ngắn. Luyện tập không giới hạn kho đề thi IELTS thật cập nhật liên tục,"[""Anh Ngữ Du Học ETEST tự hào với đội ngũ giảng viên trình độ chuyên môn cao và đã từng là giám khảo kỳ thi IELTS"",""Bạn sẽ được học từ cả giáo viên bản ngữ và giáo viên Việt Nam có trình độ IELTS cao, giúp bạn tiếp xúc với nhiều cách phát âm và phong cách giao tiếp khác nhau"",""Tất cả giáo viên đều có chứng nhận từ các chương trình giảng dạy uy tín và sở hữu cho mình những kỹ năng giúp học viên cải thiện band điểm IELTS nhanh chóng và hiệu quả nhất."",""Mô hình lớp học nhỏ giúp tăng tối đa tương tác đa chiều giữa giáo viên và học viên""]","[""Được xây dựng lộ trình IELTS ngắn gọn dành cho học viên cần điểm cao trong thời gian ngắn"",""Mô hình lớp học nhỏ giúp tối đa hóa sự tương tác giữa giáo viên và học viên"",""Giáo trình chuẩn được cập nhật và biên soạn bởi các tổ chức uy tín, bám sát chuẩn đề thi Cambridge"",""Áp dụng phương pháp Bloom’s Taxonomy giúp học viên phát triển kỹ năng ngôn ngữ và tư duy"",""Rèn luyện tư duy và phương pháp làm bài với các câu hỏi điển hình theo từng chuyên đề""]",,"Luyện thi IELTS cấp tốc tại ETEST kéo dài đến 6 tuần với thời lượng 4 buổi/ tuần. Ngoài giờ học cùng giáo viên, học viên còn được tham gia các buổi học IELTS kèm 1:1 cùng tutor để tăng cường luyện tập trước kỳ thi thật,…","LỊCH HỌC LỚP IELTS CẤP TỐC THỨ THỜI GIAN TRUNG TÂM Thứ hai -> Chủ nhật (Chọn 4 ngày/tuần) 8:00 – 10:00 10:00 – 12:00 14:00 – 16:00 16:00 – 18:00 17:00 – 19:00 18:00 – 20:00 Trung tâm luyện thi IELTS cấp tốc Quận 7 79 – 81 – 83 Hoàng Văn Thái, P. Tân Phú, Q.7…","[{""question"":""Ôn IELTS cấp tốc là gì?"",""answer"":""Ôn thi IELTS cấp tốc là hình thức ôn luyện thi IELTS trong thời gian ngắn, thường từ 1 tháng đến 3 tháng, với mục tiêu đạt được điểm số mong muốn. Phương pháp học IELTS cấp tốc này phù hợp với những người cần chứng chỉ…""},{""question"":""Khi nào cần luyện thi IELTS cấp tốc?"",""answer"":""Thời gian tốt nhất để bạn có thể luyện thi IELTS là từ 6 tháng trở lên. Việc quyết định thời điểm luyện thi IELTS cấp tốc phụ thuộc vào nhiều yếu tố, bao gồm mục tiêu điểm số IELTS, thời hạn nộp hồ sơ du học hoặc xin vi…""},{""question"":""Khóa học IELTS cấp tốc kéo dài bao lâu?"",""answer"":""Luyện thi IELTS cấp tốc tại ETEST kéo dài đến 6 tuần với thời lượng 4 buổi/ tuần. Ngoài giờ học cùng giáo viên, học viên còn được tham gia các buổi học IELTS kèm 1:1 cùng tutor để tăng cường luyện tập trước kỳ thi thật,…""}]",https://etest.edu.vn/khoa-hoc/luyen-thi-ielts-cap-toc/,"[""IELTS"",""cap_toc"",""small_class""]","LUYỆN THI IELTS CẤP TỐC: Khóa học luyện thi IELTS cấp tốc tại Anh Ngữ Du Học ETEST, lộ trình nâng đến 1.0 band IELTS cùng giám khảo IELTS từ 4 tuần. Phù hợp với Khóa học luyện thi IELTS cấp tốc diễn ra trong thời gian ngắn hơn rất nhiều so với các khóa học khác. Đó là lý do tại sao việc học cấp tốc luôn đòi hỏi ở bạn sự quyết tâm, kiên trì, chuyên tâm và tập trung cao độ. Do đó, khóa học IELTS cấp tốc chỉ phù hợp với những đối tượng sau đây: Cần gấp chứng chỉ IELTS: Bạn cần g…. Hình thức học: cấp tốc | lớp nhỏ, 6 học viên. Kết quả/cam kết: Tăng nhanh đến 1.0 band điểm chỉ sau 1 khóa học 6 tuần nhờ vào phương pháp phát triển tư duy chuyên sâu. Bứt tốc chiến lược tăng điểm cùng Giám khảo IELTS. Tập trung nâng cao Writing và Speaking trong thời gian ngắn. Luyện tập không giới hạn kho đề thi IELTS thật cập nhật liên tục. Điểm nổi bật: Được xây dựng lộ trình IELTS ngắn gọn dành cho học viên cần điểm cao trong thời gian ngắn; Mô hình lớp học nhỏ giúp tối đa hóa sự tương tác giữa giáo viên và học viên; Giáo trình chuẩn được cập nhật và biên soạn bởi các tổ chức uy tín, bám sát chuẩn đề thi Cambridge; Áp dụng phương pháp Bloom’s Taxonomy giúp học viên phát triển kỹ năng ngôn ngữ và tư duy; Rèn luyện tư duy và phương pháp làm bài với các câu hỏi điển hình theo từng chuyên đề. Thời lượng/thời gian: Luyện thi IELTS cấp tốc tại ETEST kéo dài đến 6 tuần với thời lượng 4 buổi/ tuần. Ngoài g…",2026-03-20T21:31:31.254Z
luyen-thi-cambridge-checkpoint,luyen-thi-cambridge-checkpoint,Luyện thi Cambridge Checkpoint,CAMBRIDGE_CHECKPOINT,checkpoint,"Luyện thi Cambridge Checkpoint tại ETEST, cam kết cung cấp những kiến thức và kỹ năng cần thiết để hoàn thành tốt kỳ thi.","Dành cho học viên đang theo học hệ chương trình Cambridge tại các trường tiểu học, trung học quốc tế, mong muốn ôn tập và tăng cường kiến thức cho kỳ thi Cambridge Checkpoint vào năm lớp 5 và lớp 9.",lớp nhóm,,lớp 5 | lớp 9,"Học và luyện thi chứng chỉ Cambridge Checkpoint hiệu quả tại ETEST, mỗi học viên được thiết kế lộ trình học cá nhân hóa theo từng cấp độ. Cam kết mang đến kiến thức và kỹ năng được trích lọc cần thiết để hoàn thành tốt kỳ thi theo đúng chuẩn của Cambridge.","[""Đội ngũ giáo viên tốt nghiệp các trường Đại học hàng đầu thế giới và là Tiến sĩ, Thạc sĩ kinh nghiệm nhiều năm giảng dạy chương trình quốc tế"",""Mô hình lớp học nhỏ giúp tăng tối đa tương tác đa chiều giữa giáo viên và học viên"",""Giáo viên kinh nghiệm truyền cảm hứng học thuật"",""ĐỘI NGŨ GIÁO VIÊN CAMBRIDGE CHECKPOINT GIÀU KINH NGHIỆM""]","[""Đánh giá năng lực học tập và kỹ năng Anh ngữ của học sinh tiểu học và trung học cơ sở thông qua các môn học quan trọng"",""Có giá trị vĩnh viễn và được chứng nhận toàn cầu, có thể xin du học hay chuyển tiếp các trường quốc tế khác hay tiếp nối bậc học cao hơn mà không phải qua các lớp dự bị khác.""]",,,LỊCH HỌC LỚP THEO NHÓM THỨ THỜI GIAN GHI CHÚ NGÀY TRONG TUẦN Thứ hai -> Thứ sáu (Chọn 2 ngày/tuần) 17:30 – 19:30 18:00 – 20:00 2 giờ/ngày NGÀY CUỐI TUẦN Thứ bảy & Chủ nhật 8:00 – 10:00 10:00 – 12:00 14:00 – 16:00 16:30 – 18:30 2 giờ/ngày LỊCH HỌC LỚP CẤP TỐC…,[],https://etest.edu.vn/khoa-hoc/luyen-thi-cambridge-checkpoint/,"[""CAMBRIDGE_CHECKPOINT"",""checkpoint""]","Luyện thi Cambridge Checkpoint: Luyện thi Cambridge Checkpoint tại ETEST, cam kết cung cấp những kiến thức và kỹ năng cần thiết để hoàn thành tốt kỳ thi. Phù hợp với Dành cho học viên đang theo học hệ chương trình Cambridge tại các trường tiểu học, trung học quốc tế, mong muốn ôn tập và tăng cường kiến thức cho kỳ thi Cambridge Checkpoint vào năm lớp 5 và lớp 9.. Hình thức học: lớp nhóm. Điều kiện/đầu vào gợi ý: lớp 5 | lớp 9. Kết quả/cam kết: Học và luyện thi chứng chỉ Cambridge Checkpoint hiệu quả tại ETEST, mỗi học viên được thiết kế lộ trình học cá nhân hóa theo từng cấp độ. Cam kết mang đến kiến thức và kỹ năng được trích lọc cần thiết để hoàn thành tốt kỳ thi theo đúng chuẩn của Cambridge.. Điểm nổi bật: Đánh giá năng lực học tập và kỹ năng Anh ngữ của học sinh tiểu học và trung học cơ sở thông qua các môn học quan trọng; Có giá trị vĩnh viễn và được chứng nhận toàn cầu, có thể xin du học hay chuyển tiếp các trường quốc tế khác hay tiếp nối bậc học cao hơn mà không phải qua các lớp dự bị khác..",2026-03-20T21:31:31.254Z
